name,ons_id,margin,leave,winner,second
Yorkshire East,E14000683,29.87,63.31,conservative,conservative
York Outer,E14001062,24.36,44.92,conservative,conservative
York Central,E14001061,14.09,38.53,conservative,conservative
Ynys Mon,W07000041,9.96,50.94,conservative,conservative
Yeovil,E14001060,9.33,59.29,conservative,liberal democrats
Wythenshawe & Sale East,E14001059,24.43,49.87,conservative,conservative
Wyre Forest,E14001058,26.03,63.15,conservative,conservative
Wyre & Preston North,E14001057,28.36,54.04,conservative,conservative
Wycombe,E14001056,28.88,48.04,conservative,conservative
Wrexham,W07000044,5.60,57.33,conservative,conservative
"Wrekin, The",E14000992,23.64,58.25,conservative,conservative
Worthing West,E14001055,33.20,56.12,conservative,ukip
Worthing East & Shoreham,E14000682,29.96,53.67,conservative,conservative
Worsley & Eccles South,E14001054,14.14,59.79,conservative,conservative
Workington,E14001053,12.18,60.32,conservative,conservative
Worcestershire West,E14001035,41.73,52.58,conservative,ukip
Worcestershire Mid,E14000818,39.31,58.94,conservative,ukip
Worcester,E14001052,11.35,53.68,conservative,conservative
Wolverhampton South West,E14001051,1.99,54.37,conservative,conservative
Wolverhampton South East,E14001050,31.00,68.14,conservative,conservative
Wolverhampton North East,E14001049,16.16,67.71,conservative,conservative
Wokingham,E14001048,43.21,42.47,conservative,conservative
Woking,E14001047,40.05,44.06,conservative,conservative
Witney,E14001046,14.83,46.34,Conservative ,Liberal Democrats
Witham,E14001045,41.46,60.83,conservative,ukip
Wirral West,E14001044,1.00,44.69,conservative,conservative
Wirral South,E14001043,10.99,46.55,conservative,conservative
Windsor,E14001042,50.01,46.09,conservative,conservative
Winchester,E14001041,30.58,39.71,conservative,liberal democrats
Wimbledon,E14001040,26.06,29.37,conservative,conservative
Wiltshire South West,E14000954,35.18,57.69,conservative,ukip
Wiltshire North,E14000860,41.63,50.37,conservative,liberal democrats
Wigan,E14001039,31.43,62.71,conservative,conservative
Weston-Super-Mare,E14001038,29.70,56.66,conservative,conservative
Westmorland & Lonsdale,E14001037,18.29,47.45,liberal democrats,conservative
Westminster North,E14001036,5.00,32.98,conservative,conservative
West Ham,E14001032,53.01,47.38,conservative,conservative
West Bromwich West,E14001030,22.10,69.14,conservative,ukip
West Bromwich East,E14001029,25.26,67.59,conservative,conservative
Wentworth & Dearne,E14001028,32.04,68.98,conservative,ukip
Welwyn Hatfield,E14001027,24.21,52.54,conservative,conservative
Wells,E14001026,13.33,53.49,conservative,liberal democrats
Wellingborough,E14001025,32.51,62.94,conservative,ukip
Weaver Vale,E14001024,1.72,50.20,conservative,conservative
Wealden,E14001023,40.28,52.55,conservative,ukip
Waveney,E14001022,4.61,63.21,conservative,conservative
Watford,E14001021,17.44,51.18,conservative,conservative
Washington & Sunderland West,E14001020,35.31,61.85,conservative,ukip
Warwickshire North,E14000854,6.28,67.77,conservative,conservative
Warwick & Leamington,E14001019,13.06,41.13,conservative,conservative
Warrington South,E14001018,4.63,50.62,conservative,conservative
Warrington North,E14001017,19.65,58.65,conservative,conservative
Warley,E14001016,38.86,61.83,conservative,conservative
Wantage,E14001015,37.29,46.43,conservative,conservative
Wansbeck,E14001014,28.24,56.19,conservative,conservative
Walthamstow,E14001013,55.50,33.49,conservative,conservative
Walsall South,E14001012,14.36,61.64,conservative,conservative
Walsall North,E14001011,5.25,74.19,conservative,conservative
Wallasey,E14001010,37.70,49.92,conservative,conservative
Wakefield,E14001009,6.08,62.77,conservative,conservative
Vauxhall,E14001008,26.51,22.43,conservative,conservative
Vale Of Glamorgan,W07000078,13.41,52.35,conservative,conservative
Vale Of Clwyd,W07000060,0.67,55.94,conservative,conservative
Uxbridge & Ruislip South,E14001007,23.87,56.36,conservative,conservative
Upper Bann,N06000017,,,,
Ulster Mid,N06000010,,,,
Tyrone West,N06000018,,,,
Tyneside North,E14000853,36.73,59.37,conservative,conservative
Tynemouth,E14001006,15.40,47.84,conservative,conservative
Twickenham,E14001005,3.25,33.68,conservative,liberal democrats
Tunbridge Wells,E14001004,44.48,44.70,conservative,conservative
Truro & Falmouth,E14001003,27.16,46.22,conservative,liberal democrats
Tottenham,E14001002,55.37,23.78,conservative,conservative
Totnes,E14001001,38.82,54.09,conservative,ukip
Torfaen,W07000053,21.53,60.88,conservative,conservative
Torbay,E14000999,6.83,62.66,conservative,liberal democrats
Tooting,E14000998,19.87,25.32,conservative ,Conservative
Tonbridge & Malling,E14000997,44.22,52.59,conservative,ukip
Tiverton & Honiton,E14000996,37.52,57.63,conservative,ukip
Thurrock,E14000995,1.08,70.26,conservative,conservative
Thornbury & Yate,E14000994,3.08,53.33,conservative,liberal democrats
Thirsk & Malton,E14000993,37.15,56.43,conservative,conservative
Thanet South,E14000948,5.69,61.63,conservative,ukip
Thanet North,E14000852,23.27,64.97,conservative,ukip
Tewkesbury,E14000990,39.70,53.78,conservative,conservative
Telford,E14000989,1.80,67.06,conservative,conservative
Taunton Deane,E14000988,26.76,52.92,conservative,liberal democrats
Tatton,E14000987,40.27,45.83,conservative,conservative
Tamworth,E14000986,23.96,66.00,conservative,conservative
Swindon South,E14000947,11.74,51.57,conservative,conservative
Swindon North,E14000851,22.56,57.44,conservative,conservative
Swansea West,W07000047,20.01,42.66,conservative,conservative
Swansea East,W07000048,35.78,62.10,conservative,ukip
Sutton Coldfield,E14000985,32.28,51.67,conservative,conservative
Sutton & Cheam,E14000984,7.86,51.27,conservative,liberal democrats
Sussex Mid,E14000817,42.24,46.69,conservative,conservative
Surrey South West,E14000953,49.99,40.61,conservative,ukip
Surrey Heath,E14000983,45.57,52.00,conservative,ukip
Surrey East,E14000681,40.39,54.19,conservative,ukip
Sunderland Central,E14000982,26.77,59.94,conservative,conservative
Suffolk West,E14001034,30.44,63.26,conservative,ukip
Suffolk South,E14000946,33.80,54.15,conservative,conservative
Suffolk Coastal,E14000981,33.89,55.82,conservative,conservative
Suffolk Central & Ipswich North,E14000624,37.24,54.49,conservative,conservative
Stroud,E14000980,8.00,45.99,conservative,conservative
Stretford & Urmston,E14000979,25.19,48.47,conservative,conservative
Streatham,E14000978,27.91,20.54,conservative,conservative
Stratford-On-Avon,E14000977,44.45,51.17,conservative,ukip
Strangford,N06000016,,,,
Stourbridge,E14000976,14.54,63.66,conservative,conservative
Stone,E14000975,34.55,58.04,conservative,conservative
Stoke-On-Trent South,E14000974,6.49,70.85,conservative,conservative
Stoke-On-Trent North,E14000973,12.51,72.12,conservative,conservative
Stoke-on-Trent Central,E14000972,12.38,65.02,conservative ,ukip
Stockton South,E14000971,9.74,57.80,conservative,conservative
Stockton North,E14000970,21.14,66.50,conservative,conservative
Stockport,E14000969,25.38,46.79,conservative,conservative
Stirling,S14000057,20.10,32.20,snp,conservative
Stevenage,E14000968,10.37,57.12,conservative,conservative
Stalybridge & Hyde,E14000967,16.29,59.29,conservative,conservative
Staffordshire South,E14000945,41.07,65.24,conservative,conservative
Staffordshire Moorlands,E14000966,23.89,64.58,conservative,conservative
Stafford,E14000965,18.82,57.22,conservative,conservative
Spelthorne,E14000959,28.84,60.30,conservative,ukip
Southport,E14000958,3.00,45.51,liberal democrats,conservative
Southend West,E14000957,31.50,55.07,conservative,conservative
Southampton Test,E14000956,8.73,50.65,conservative,conservative
Southampton Itchen,E14000955,5.18,59.96,conservative,conservative
South Shields,E14000944,29.27,62.05,conservative,ukip
South Ribble,E14000943,11.35,56.85,conservative,conservative
South Holland & The Deepings,E14000939,37.73,71.18,conservative,ukip
Somerton & Frome,E14000932,33.61,50.96,conservative,liberal democrats
Somerset North East,E14000846,24.94,52.12,conservative,conservative
Somerset North,E14000850,39.19,47.97,conservative,conservative
Solihull,E14000931,23.55,53.35,conservative,liberal democrats
Slough,E14000930,15.20,54.10,conservative,conservative
Sleaford & North Hykeham,E14000929,40.03,61.53,Conservative ,ukip
Skipton & Ripon,E14000928,38.05,53.03,conservative,conservative
Sittingbourne & Sheppey,E14000927,24.64,65.76,conservative,ukip
Shropshire North,E14000849,31.37,59.46,conservative,conservative
Shrewsbury & Atcham,E14000926,17.68,53.02,conservative,conservative
Shipley,E14000925,19.04,52.21,conservative,conservative
Sherwood,E14000924,9.17,63.76,conservative,conservative
Sheffield South East,E14000920,29.53,66.49,conservative,ukip
Sheffield Heeley,E14000923,30.81,57.61,conservative,ukip
Sheffield Hallam,E14000922,4.24,35.90,liberal democrats,conservative
Sheffield Central,E14000919,39.18,30.41,conservative,green
Sheffield Brightside & Hillsborough,E14000921,42.47,61.44,conservative ,ukip
Sevenoaks,E14000918,39.03,53.86,conservative,ukip
Selby & Ainsty,E14000917,25.67,57.79,conservative,conservative
Sefton Central,E14000916,24.17,45.13,conservative,conservative
Sedgefield,E14000915,17.67,58.95,conservative,conservative
Scunthorpe,E14000914,8.48,69.09,conservative,conservative
Scarborough & Whitby,E14000913,12.99,61.37,conservative,conservative
Salisbury,E14000912,40.27,50.34,conservative,conservative
Salford & Eccles,E14000911,28.99,53.59,conservative,conservative
St Ives,E14000964,5.11,55.13,conservative,liberal democrats
St Helens South & Whiston,E14000963,43.89,56.12,conservative,conservative
St Helens North,E14000962,37.38,58.29,conservative,conservative
St Austell & Newquay,E14000961,16.23,63.51,conservative,liberal democrats
St Albans,E14000960,23.39,38.02,conservative,conservative
Saffron Walden,E14000910,43.42,50.92,conservative,ukip
Rutland & Melton,E14000909,39.75,53.96,conservative,ukip
Rutherglen & Hamilton West,S14000056,17.31,37.34,snp,conservative
Rushcliffe,E14000908,25.07,41.31,conservative,conservative
Runnymede & Weybridge,E14000907,44.22,49.80,conservative,conservative
"Ruislip, Northwood & Pinner",E14000906,39.48,49.02,conservative,conservative
Rugby,E14000905,21.11,58.37,conservative,conservative
Rotherham,E14000904,22.33,68.35,conservative,ukip
Rother Valley,E14000903,15.52,66.72,conservative,ukip
Rossendale & Darwen,E14000902,11.53,58.59,conservative,conservative
"Ross, Skye & Lochaber",S14000055,12.26,43.35,snp,liberal democrats
Romsey & Southampton North,E14000901,36.60,45.81,conservative,liberal democrats
Romford,E14000900,28.18,69.29,conservative,ukip
Rochford & Southend East,E14000899,21.73,60.46,conservative,conservative
Rochester & Strood,E14000898,13.58,63.69,conservative,ukip
Rochdale,E14000897,27.39,57.45,conservative,ukip
Richmond Park,E14000896,46.01,27.70,liberal democrats,Conservative
Richmond (Yorks),E14000895,36.20,54.70,conservative,ukip
Ribble Valley,E14000894,26.04,58.68,conservative,conservative
Rhondda,W07000052,37.98,61.24,conservative,ukip
Renfrewshire East,S14000021,6.55,25.68,snp,conservative
Reigate,E14000893,43.49,47.79,conservative,ukip
Redditch,E14000892,16.00,61.42,conservative,conservative
Redcar,E14000891,25.39,67.57,conservative,liberal democrats
Reading West,E14000890,13.74,52.68,conservative,conservative
Reading East,E14000889,12.91,38.24,conservative,conservative
Rayleigh & Wickford,E14000888,32.38,67.89,conservative,ukip
Putney,E14000887,23.78,26.85,conservative,conservative
Pudsey,E14000886,8.84,48.35,conservative,conservative
Preston,E14000885,36.05,56.85,conservative,conservative
Preseli Pembrokeshire,W07000065,12.25,55.77,conservative,conservative
Portsmouth South,E14000884,12.51,51.76,conservative,liberal democrats
Portsmouth North,E14000883,23.21,63.69,conservative,conservative
Poplar & Limehouse,E14000882,33.16,34.19,conservative,conservative
Poole,E14000881,33.32,56.94,conservative,ukip
Pontypridd,W07000075,23.72,45.82,conservative,conservative
Plymouth Sutton & Devonport,E14000880,1.09,54.41,conservative,conservative
Plymouth Moor View,E14000879,2.41,66.44,conservative,conservative
Peterborough,E14000878,4.09,61.31,conservative,conservative
Perth & Perthshire North,S14000054,17.79,40.17,snp,conservative
Penrith & The Border,E14000877,45.29,55.37,conservative,conservative
Penistone & Stocksbridge,E14000876,14.35,61.35,conservative,conservative
Pendle,E14000875,12.27,63.15,conservative,conservative
Paisley & Renfrewshire South,S14000053,12.30,34.19,snp,conservative
Paisley & Renfrewshire North,S14000052,17.99,36.09,snp,conservative
Oxford West & Abingdon,E14000874,16.74,38.18,conservative,liberal democrats
Oxford East,E14000873,30.14,32.31,conservative,conservative
Orpington,E14000872,40.75,57.54,conservative,ukip
Orkney & Shetland,S14000051,3.59,40.28,liberal democrats,snp
Oldham West & Royton,E14000871,38.70,61.31,conservative ,ukip
Oldham East & Saddleworth,E14000870,13.49,59.92,conservative,conservative
Old Bexley & Sidcup,E14000869,33.80,63.16,conservative,conservative
Ogmore,W07000074,35.85,59.75,conservative ,ukip
Ochil & Perthshire South,S14000050,17.57,39.25,snp,conservative
Nuneaton,E14000868,10.67,64.75,conservative,conservative
Nottingham South,E14000867,15.96,46.47,conservative,conservative
Nottingham North,E14000866,33.56,63.81,conservative,conservative
Nottingham East,E14000865,33.78,42.88,conservative,conservative
Norwich South,E14000864,15.79,40.36,conservative,conservative
Norwich North,E14000863,10.24,57.32,conservative,conservative
Northamptonshire South,E14000942,43.40,52.67,conservative,conservative
Northampton South,E14000862,9.75,59.61,conservative,conservative
Northampton North,E14000861,8.23,60.69,conservative,conservative
"Normanton, Pontefract & Castleford",E14000836,33.61,69.26,conservative,ukip
Norfolk South West,E14000952,27.66,66.25,conservative,ukip
Norfolk South,E14000941,35.88,51.11,conservative,conservative
Norfolk North West,E14000859,29.44,66.14,conservative,conservative
Norfolk North,E14000848,8.18,58.25,liberal democrats,conservative
Norfolk Mid,E14000816,33.09,60.58,conservative,ukip
Newton Abbot,E14000835,23.28,56.10,conservative,liberal democrats
Newry & Armagh,N06000011,,,,
Newport West,W07000056,8.70,53.01,conservative,conservative
Newport East,W07000055,13.40,60.25,conservative,conservative
Newcastle Upon Tyne North,E14000833,22.62,57.15,conservative,conservative
Newcastle Upon Tyne East,E14000832,31.85,41.13,conservative,conservative
Newcastle Upon Tyne Central,E14000831,36.12,48.37,conservative,conservative
Newcastle-Under-Lyme,E14000834,1.51,61.67,conservative,conservative
Newbury,E14000830,46.02,47.51,conservative,liberal democrats
Newark,E14000829,35.32,55.75,conservative,conservative
New Forest West,E14000828,43.46,55.88,conservative,ukip
New Forest East,E14000827,38.75,59.54,conservative,ukip
Neath,W07000069,27.40,54.21,conservative,ukip
Na H-Eileanan An Iar,S14000027,25.74,43.90,snp,conservative
Motherwell & Wishaw,S14000047,24.67,36.97,snp,conservative
Morley & Outwood,E14000826,0.87,59.79,conservative,conservative
Morecambe & Lunesdale,E14000825,10.61,58.91,conservative,conservative
Moray,S14000046,18.39,49.87,snp,conservative
Montgomeryshire,W07000063,15.77,55.99,conservative,liberal democrats
Monmouth,W07000054,23.14,47.85,conservative,conservative
Mole Valley,E14000824,46.16,47.59,conservative,liberal democrats
Mitcham & Morden,E14000823,37.49,44.69,conservative,conservative
Milton Keynes South,E14000822,14.71,52.96,conservative,conservative
Milton Keynes North,E14000821,16.91,49.80,conservative,conservative
Midlothian,S14000045,20.40,37.94,snp,conservative
Middlesbrough South & Cleveland East,E14000820,4.97,65.00,conservative,conservative
Middlesbrough,E14000819,38.15,66.08,conservative,ukip
Merthyr Tydfil & Rhymney,W07000071,35.19,58.40,conservative,ukip
Meriden,E14000812,35.73,58.81,conservative,conservative
Meon Valley,E14000811,46.24,52.93,conservative,ukip
Mansfield,E14000810,11.26,70.86,conservative,conservative
Manchester Withington,E14000809,29.77,26.31,conservative,liberal democrats
Manchester Gorton,E14000808,57.31,37.90,conservative,green
Manchester Central,E14000807,47.74,36.66,conservative,conservative
Maldon,E14000806,45.94,61.31,conservative,ukip
Makerfield,E14000805,29.37,65.00,conservative,ukip
Maidstone & The Weald,E14000804,21.41,55.87,conservative,liberal democrats
Maidenhead,E14000803,53.96,45.41,conservative,conservative
Macclesfield,E14000802,29.86,48.16,conservative,conservative
Luton South,E14000801,13.53,55.44,conservative,conservative
Luton North,E14000800,22.33,58.21,conservative,conservative
Ludlow,E14000799,39.38,58.58,conservative,ukip
Louth & Horncastle,E14000798,29.75,69.43,conservative,ukip
Loughborough,E14000797,17.65,49.67,conservative,conservative
Londonderry East,N06000006,,,,
Llanelli,W07000045,25.09,55.48,conservative,ukip
Livingston,S14000044,29.27,43.81,snp,conservative
Liverpool West Derby,E14000796,66.70,50.28,conservative,ukip
Liverpool Wavertree,E14000795,59.31,35.85,conservative,conservative
Liverpool Walton,E14000794,72.33,53.80,conservative,ukip
Liverpool Riverside,E14000793,55.27,26.89,conservative,green
Linlithgow & Falkirk East,S14000043,21.00,41.61,snp,conservative
Lincoln,E14000792,3.08,57.31,conservative,conservative
Lichfield,E14000791,35.34,57.57,conservative,conservative
Leyton & Wanstead,E14000790,36.65,35.01,conservative,conservative
Lewisham West & Penge,E14000788,26.42,34.47,conservative,conservative
Lewisham East,E14000787,33.39,35.45,conservative,conservative
Lewisham Deptford,E14000789,45.37,24.67,conservative,conservative
Lewes,E14000786,2.14,46.97,conservative,liberal democrats
Leigh,E14000785,31.24,63.45,conservative,conservative
Leicestershire South,E14000940,31.20,58.22,conservative,conservative
Leicestershire North West,E14000858,22.06,60.70,conservative,conservative
Leicester West,E14000784,20.86,51.67,conservative,conservative
Leicester South,E14000783,38.84,42.58,conservative,conservative
Leicester East,E14000782,38.18,53.16,conservative,conservative
Leeds West,E14000781,27.92,54.98,conservative,conservative
Leeds North West,E14000780,6.70,35.40,liberal democrats,conservative
Leeds North East,E14000779,15.01,37.33,conservative,conservative
Leeds East,E14000778,32.81,60.91,conservative,conservative
Leeds Central,E14000777,37.66,47.43,conservative,conservative
Lancaster & Fleetwood,E14000776,3.03,50.91,conservative,conservative
Lancashire West,E14001033,16.83,54.94,conservative,conservative
Lanark & Hamilton East,S14000042,18.28,35.47,snp,conservative
Lagan Valley,N06000009,,,,
Knowsley,E14000775,68.32,52.44,conservative,ukip
Kirkcaldy & Cowdenbeath,S14000041,18.86,41.66,snp,conservative
Kingswood,E14000774,18.71,56.84,conservative,conservative
Kingston & Surbiton,E14000770,4.78,41.59,conservative,liberal democrats
Kilmarnock & Loudoun,S14000040,25.30,39.61,snp,conservative
Kettering,E14000769,26.66,60.99,conservative,conservative
Kensington,E14000768,21.14,31.35,conservative,conservative
Kenilworth & Southam,E14000767,43.04,46.60,conservative,conservative
Keighley,E14000766,6.22,53.33,conservative,conservative
Jarrow,E14000765,35.99,61.62,conservative,ukip
Islwyn,W07000077,29.39,58.87,conservative,ukip
Islington South & Finsbury,E14000764,28.71,28.28,conservative,conservative
Islington North,E14000763,43.05,21.61,conservative,conservative
Isle Of Wight,E14000762,19.49,61.95,conservative,ukip
Ipswich,E14000761,7.67,56.57,conservative,conservative
"Inverness, Nairn, Badenoch & Strathspey",S14000039,18.76,41.38,snp,liberal democrats
Inverclyde,S14000038,24.80,36.20,snp,conservative
Ilford South,E14000760,38.10,43.87,conservative,conservative
Ilford North,E14000759,1.20,52.57,conservative,conservative
Hyndburn,E14000758,10.26,65.75,conservative,conservative
Huntingdon,E14000757,34.69,53.27,conservative,conservative
Hull West & Hessle,E14000773,29.35,67.84,conservative,ukip
Hull North,E14000772,36.50,59.97,conservative,ukip
Hull East,E14000771,29.36,72.63,conservative,ukip
Huddersfield,E14000756,18.15,51.08,conservative,conservative
Hove,E14000755,2.37,33.92,conservative,conservative
Houghton & Sunderland South,E14000754,33.61,62.43,conservative,ukip
Horsham,E14000753,43.32,48.67,conservative,ukip
Hornsey & Wood Green,E14000752,19.14,24.98,conservative,liberal democrats
Hornchurch & Upminster,E14000751,23.67,69.49,conservative,ukip
Holborn & St Pancras,E14000750,31.04,26.66,conservative,conservative
Hitchin & Harpenden,E14000749,36.22,39.79,conservative,conservative
High Peak,E14000748,9.64,50.55,conservative,conservative
Heywood & Middleton,E14000747,10.92,62.43,conservative,ukip
Hexham,E14000746,27.76,45.39,conservative,conservative
Hertsmere,E14000745,36.85,50.84,conservative,conservative
Hertfordshire South West,E14000951,40.62,46.37,conservative,conservative
Hertfordshire North East,E14000845,36.49,51.38,conservative,conservative
Hertford & Stortford,E14000744,38.22,49.21,conservative,conservative
Herefordshire North,E14000847,41.64,58.25,conservative,ukip
Hereford & Herefordshire South,E14000743,35.74,60.15,conservative,ukip
Henley,E14000742,45.94,43.07,conservative,conservative
Hendon,E14000741,7.50,41.94,conservative,conservative
Hemsworth,E14000740,28.48,68.13,conservative,conservative
Hemel Hempstead,E14000739,29.05,55.17,conservative,conservative
Hazel Grove,E14000738,15.16,52.21,conservative,liberal democrats
Hayes & Harlington,E14000737,34.85,59.41,conservative,conservative
Havant,E14000736,31.05,62.45,conservative,ukip
Hastings & Rye,E14000735,9.42,56.23,conservative,conservative
Harwich & Essex North,E14000734,31.33,61.07,conservative,conservative
Hartlepool,E14000733,7.66,69.57,conservative,ukip
Harrow West,E14000732,4.74,45.06,conservative,conservative
Harrow East,E14000731,9.71,47.48,conservative,conservative
Harrogate & Knaresborough,E14000730,30.67,47.22,conservative,liberal democrats
Harlow,E14000729,18.87,68.02,conservative,conservative
Harborough,E14000728,37.41,52.25,conservative,conservative
Hampstead & Kilburn,E14000727,2.11,23.48,conservative,conservative
Hampshire North West,E14000857,43.38,54.53,conservative,ukip
Hampshire North East,E14000844,55.40,45.92,conservative,liberal democrats
Hampshire East,E14000680,48.69,48.73,conservative,ukip
Hammersmith,E14000726,13.59,31.04,conservative,conservative
Halton,E14000725,45.05,57.82,conservative,conservative
Haltemprice & Howden,E14000724,33.22,55.50,conservative,conservative
Halifax,E14000723,0.98,58.82,conservative,conservative
Halesowen & Rowley Regis,E14000722,7.03,66.34,conservative,conservative
Hackney South & Shoreditch,E14000721,50.89,22.18,conservative,conservative
Hackney North & Stoke Newington,E14000720,48.12,20.95,conservative,conservative
Guildford,E14000719,41.58,41.18,conservative,liberal democrats
Greenwich & Woolwich,E14000718,25.57,35.67,conservative,conservative
Great Yarmouth,E14000717,13.84,71.50,conservative,conservative
Great Grimsby,E14000716,13.46,71.45,conservative,conservative
Gravesham,E14000715,16.69,65.38,conservative,conservative
Grantham & Stamford,E14000714,35.33,61.01,conservative,ukip
Gower,W07000046,0.06,50.18,conservative,conservative
Gosport,E14000713,35.87,61.97,conservative,ukip
Gordon,S14000037,14.94,44.56,snp,liberal democrats
Gloucester,E14000712,13.79,58.90,conservative,conservative
Glenrothes,S14000036,29.20,46.46,snp,conservative
Glasgow South West,S14000035,24.32,40.86,snp,conservative
Glasgow South,S14000034,25.15,28.19,snp,conservative
Glasgow North West,S14000033,23.63,31.49,snp,conservative
Glasgow North East,S14000032,24.36,40.66,snp,conservative
Glasgow North,S14000031,25.17,21.62,snp,conservative
Glasgow East,S14000030,24.49,43.84,snp,conservative
Glasgow Central,S14000029,19.49,28.75,snp,conservative
Gillingham & Rainham,E14000711,22.37,63.58,conservative,conservative
Gedling,E14000710,6.22,56.20,conservative,conservative
Gateshead,E14000709,38.96,56.05,conservative,ukip
Garston & Halewood,E14000708,55.42,47.88,conservative,conservative
Gainsborough,E14000707,31.36,62.03,conservative,conservative
Fylde,E14000706,30.36,56.56,conservative,conservative
Foyle,N06000008,,,,
Forest Of Dean,E14000705,22.19,58.07,conservative,conservative
Folkestone & Hythe,E14000704,25.08,61.84,conservative,ukip
Finchley & Golders Green,E14000703,11.15,30.92,conservative,conservative
Filton & Bradley Stoke,E14000702,20.04,47.98,conservative,conservative
Fife North East,S14000049,9.60,38.14,snp,liberal democrats
Fermanagh & South Tyrone,N06000007,,,,
Feltham & Heston,E14000701,23.20,55.93,conservative,conservative
Faversham & Kent Mid,E14000700,36.36,58.22,conservative,ukip
Fareham,E14000699,40.70,55.41,conservative,ukip
Falkirk,S14000028,32.65,41.99,snp,conservative
Exeter,E14000698,13.30,44.71,conservative,conservative
Esher & Walton,E14000697,50.22,41.63,conservative,conservative
Erith & Thamesmead,E14000696,22.35,54.33,conservative,conservative
Erewash,E14000695,7.42,63.30,conservative,conservative
Epsom & Ewell,E14000694,42.78,47.96,conservative,conservative
Epping Forest,E14000693,36.43,61.07,conservative,ukip
Enfield Southgate,E14000692,10.38,37.88,conservative,conservative
Enfield North,E14000691,2.35,49.22,conservative,conservative
Eltham,E14000690,6.24,51.82,conservative,conservative
Elmet & Rothwell,E14000689,14.69,56.36,conservative,conservative
Ellesmere Port & Neston,E14000688,13.43,57.77,conservative,conservative
Edmonton,E14000687,37.30,45.51,conservative,conservative
Edinburgh West,S14000026,5.85,28.77,snp,liberal democrats
Edinburgh South West,S14000025,15.76,27.86,snp,conservative
Edinburgh South,S14000024,5.35,22.15,conservative,snp
Edinburgh North & Leith,S14000023,9.65,21.80,snp,conservative
Edinburgh East,S14000022,19.34,27.64,snp,conservative
Eddisbury,E14000686,27.40,52.23,conservative,conservative
Eastleigh,E14000685,16.48,54.02,conservative,liberal democrats
Eastbourne,E14000684,1.39,57.62,conservative,liberal democrats
East Lothian,S14000020,11.53,35.40,snp,conservative
"East Kilbride, Strathaven & Lesmahagow",S14000019,27.30,38.00,snp,conservative
East Ham,E14000679,65.50,46.92,conservative,conservative
Easington,E14000677,42.29,66.57,conservative,ukip
Ealing Southall,E14000676,43.30,41.83,conservative,conservative
Ealing North,E14000675,25.41,46.26,conservative,conservative
Ealing Central & Acton,E14000674,0.54,29.15,conservative,conservative
Dwyfor Meirionnydd,W07000061,9.15,48.37,conservative,conservative
Durham North West,E14000856,23.49,54.98,conservative,conservative
Durham North,E14000840,33.99,60.13,conservative,conservative
"Durham, City Of",E14000641,25.05,44.35,conservative,conservative
Dunfermline & Fife West,S14000017,18.52,40.03,snp,conservative
Dundee West,S14000016,38.23,41.15,snp,conservative
Dundee East,S14000015,39.77,38.25,snp,conservative
Dunbartonshire West,S14000059,27.71,38.01,snp,conservative
Dunbartonshire East,S14000018,3.95,26.70,snp,liberal democrats
"Dumfriesshire, Clydesdale & Tweeddale",S14000014,1.53,43.94,conservative,snp
Dumfries & Galloway,S14000013,11.51,45.39,snp,conservative
Dulwich & West Norwood,E14000673,31.39,22.05,conservative,conservative
Dudley South,E14000672,11.18,70.42,conservative,conservative
Dudley North,E14000671,11.00,71.43,conservative,conservative
Down South,N06000015,,,,
Down North,N06000013,,,,
Dover,E14000670,12.53,63.13,conservative,conservative
Dorset West,E14001031,28.57,51.00,conservative,liberal democrats
Dorset South,E14000936,24.68,59.49,conservative,conservative
Dorset North,E14000839,39.56,56.41,conservative,ukip
Dorset Mid & Poole North,E14000815,22.65,57.93,conservative,liberal democrats
Doncaster North,E14000669,29.82,72.06,conservative,ukip
Doncaster Central,E14000668,24.97,66.32,conservative,ukip
Don Valley,E14000667,20.91,68.56,conservative,conservative
Dewsbury,E14000666,2.71,57.27,conservative,conservative
Devon West & Torridge,E14001000,32.52,57.07,conservative,ukip
Devon South West,E14000950,39.92,55.23,conservative,conservative
Devon North,E14000838,13.26,57.04,conservative,liberal democrats
Devon East,E14000678,33.87,50.46,conservative,ukip
Devon Central,E14000623,39.06,51.18,conservative,ukip
Devizes,E14000665,42.34,51.46,conservative,ukip
Derbyshire South,E14000935,22.60,60.35,conservative,conservative
Derbyshire North East,E14000843,3.93,62.17,conservative,conservative
Derbyshire Mid,E14000814,26.76,52.53,conservative,conservative
Derbyshire Dales,E14000664,29.65,51.29,conservative,conservative
Derby South,E14000663,21.63,61.61,conservative,conservative
Derby North,E14000662,0.09,53.74,conservative,conservative
Denton & Reddish,E14000661,27.17,60.98,conservative,conservative
Delyn,W07000042,7.82,54.77,conservative,conservative
Daventry,E14000660,40.10,58.76,conservative,conservative
Dartford,E14000659,23.55,64.04,conservative,conservative
Darlington,E14000658,7.68,58.07,conservative,conservative
Dagenham & Rainham,E14000657,11.57,69.93,conservative,ukip
Cynon Valley,W07000070,31.36,56.96,conservative,ukip
"Cumbernauld, Kilsyth & Kirkintilloch East",S14000012,29.87,37.91,snp,conservative
Croydon South,E14000656,29.70,45.81,conservative,conservative
Croydon North,E14000655,39.92,41.17,conservative,conservative
Croydon Central,E14000654,0.31,50.31,conservative,conservative
Crewe & Nantwich,E14000653,7.26,59.00,conservative,conservative
Crawley,E14000652,13.44,58.41,conservative,conservative
Coventry South,E14000651,7.30,48.90,conservative,conservative
Coventry North West,E14000650,9.97,58.67,conservative,conservative
Coventry North East,E14000649,29.06,59.23,conservative,conservative
"Cotswolds, The",E14000991,37.90,47.80,conservative,liberal democrats
Cornwall South East,E14000938,33.65,54.95,conservative,liberal democrats
Cornwall North,E14000837,13.72,60.32,conservative,liberal democrats
Corby,E14000648,4.29,60.11,conservative,conservative
Copeland,E14000647,6.91,59.85,Conservative ,conservative
Congleton,E14000646,32.90,52.65,conservative,conservative
Colne Valley,E14000645,9.47,49.82,conservative,conservative
Colchester,E14000644,11.47,51.06,conservative,liberal democrats
"Coatbridge, Chryston & Bellshill",S14000011,22.69,38.72,snp,conservative
Clwyd West,W07000059,17.70,52.53,conservative,conservative
Clwyd South,W07000062,6.85,60.26,conservative,conservative
Cleethorpes,E14000643,17.51,68.41,conservative,conservative
Clacton,E14000642,7.77,71.08,ukip,conservative
Cities Of London & Westminster,E14000639,26.73,28.63,conservative,conservative
Christchurch,E14000638,36.66,59.87,conservative,ukip
Chorley,E14000637,8.76,56.57,conservative,conservative
Chipping Barnet,E14000636,14.44,40.93,conservative,conservative
Chippenham,E14000635,18.19,52.33,conservative,liberal democrats
Chingford & Woodford Green,E14000634,19.14,49.21,conservative,conservative
Chichester,E14000633,42.73,50.64,conservative,ukip
Chesterfield,E14000632,29.84,59.32,conservative,conservative
"Chester, City Of",E14000640,0.18,42.71,conservative,conservative
Chesham & Amersham,E14000631,45.36,44.98,conservative,ukip
Cheltenham,E14000630,12.13,42.78,conservative,liberal democrats
Chelsea & Fulham,E14000629,39.83,29.21,conservative,conservative
Chelmsford,E14000628,33.91,50.55,conservative,conservative
Cheadle,E14000627,12.15,42.65,conservative,liberal democrats
Chatham & Aylesford,E14000626,26.59,64.75,conservative,conservative
Charnwood,E14000625,32.40,58.29,conservative,conservative
Ceredigion,W07000064,24.83,45.37,liberal democrats,conservative
Castle Point,E14000622,19.66,72.70,conservative,ukip
Carshalton & Wallington,E14000621,3.17,56.30,liberal democrats,conservative
Carmarthen West & Pembrokeshire South,W07000066,15.00,55.37,conservative,conservative
Carmarthen East & Dinefwr,W07000067,3.06,53.77,conservative,conservative
Carlisle,E14000620,6.51,60.49,conservative,conservative
Cardiff West,W07000079,15.50,44.84,conservative,conservative
Cardiff South & Penarth,W07000080,15.97,44.94,conservative,conservative
Cardiff North,W07000051,4.18,39.08,conservative,conservative
Cardiff Central,W07000050,12.89,30.35,conservative,liberal democrats
Canterbury,E14000619,18.33,45.34,conservative,conservative
Cannock Chase,E14000618,10.45,68.86,conservative,conservative
Cambridgeshire South East,E14000937,28.29,44.99,conservative,liberal democrats
Cambridgeshire South,E14000934,33.46,38.44,conservative,conservative
Cambridgeshire North West,E14000855,32.40,56.95,conservative,ukip
Cambridgeshire North East,E14000842,32.59,69.45,conservative,ukip
Cambridge,E14000617,1.16,26.23,conservative,liberal democrats
Camborne & Redruth,E14000616,15.27,57.91,conservative,conservative
Camberwell & Peckham,E14000615,50.08,30.20,conservative,conservative
Calder Valley,E14000614,8.27,53.16,conservative,conservative
"Caithness, Sutherland & Easter Ross",S14000009,11.24,49.44,snp,liberal democrats
Caerphilly,W07000076,25.01,55.16,conservative,ukip
Bury St Edmunds,E14000613,35.90,53.74,conservative,conservative
Bury South,E14000612,10.42,54.53,conservative,conservative
Bury North,E14000611,0.84,53.66,conservative,conservative
Burton,E14000610,22.24,64.62,conservative,conservative
Burnley,E14000609,8.16,66.61,conservative,liberal democrats
Buckingham,E14000608,,48.65,ukip,green
Broxtowe,E14000607,8.02,52.41,conservative,conservative
Broxbourne,E14000606,36.34,65.82,conservative,ukip
Bromsgrove,E14000605,31.64,55.37,conservative,conservative
Bromley & Chislehurst,E14000604,30.78,49.83,conservative,conservative
Broadland,E14000603,31.72,54.06,conservative,conservative
Bristol West,E14000602,8.83,20.71,conservative,green
Bristol South,E14000601,14.02,47.95,conservative,conservative
Bristol North West,E14000600,9.54,38.85,conservative,conservative
Bristol East,E14000599,8.61,46.80,conservative,conservative
Brighton Pavilion,E14000598,14.57,25.68,green,conservative
Brighton Kemptown,E14000597,1.52,43.43,conservative,conservative
Brigg & Goole,E14000596,25.83,66.21,conservative,conservative
Bridgwater & Somerset West,E14000595,26.78,62.19,conservative,ukip
Bridgend,W07000073,4.88,49.65,conservative,conservative
Brentwood & Ongar,E14000594,42.03,60.89,conservative,ukip
Brentford & Isleworth,E14000593,0.81,43.31,conservative,conservative
Brent North,E14000592,20.74,43.09,conservative,conservative
Brent Central,E14000591,41.78,42.92,conservative,conservative
Brecon & Radnorshire,W07000068,12.73,51.72,conservative,liberal democrats
Braintree,E14000590,35.02,61.43,conservative,ukip
Bradford West,E14000589,34.29,46.74,conservative,conservative
Bradford South,E14000588,17.15,63.56,conservative,conservative
Bradford East,E14000587,17.11,55.16,conservative,liberal democrats
Bracknell,E14000586,38.90,53.25,conservative,conservative
Bournemouth West,E14000585,29.71,57.90,conservative,ukip
Bournemouth East,E14000584,32.60,53.51,conservative,conservative
Bosworth,E14000583,20.51,60.80,conservative,liberal democrats
Boston & Skegness,E14000582,10.00,74.96,conservative,ukip
Bootle,E14000581,63.57,54.88,conservative,ukip
Bolton West,E14000580,1.65,55.54,conservative,conservative
Bolton South East,E14000579,26.82,63.42,conservative,ukip
Bolton North East,E14000578,10.14,57.77,conservative,conservative
Bolsover,E14000577,26.77,70.27,conservative,conservative
Bognor Regis & Littlehampton,E14000576,29.60,64.22,conservative,ukip
Blyth Valley,E14000575,24.00,59.88,conservative,ukip
Blaydon,E14000574,31.66,56.32,conservative,ukip
Blaenau Gwent,W07000072,40.09,62.03,conservative,ukip
Blackpool South,E14000573,7.97,67.80,conservative,conservative
Blackpool North & Cleveleys,E14000572,8.48,66.85,conservative,conservative
Blackley & Broughton,E14000571,45.47,51.33,conservative,ukip
Blackburn,E14000570,29.00,53.73,conservative,conservative
Bishop Auckland,E14000569,8.91,60.62,conservative,conservative
Birmingham Yardley,E14000568,16.03,60.09,conservative,liberal democrats
Birmingham Selly Oak,E14000567,18.65,46.91,conservative,conservative
Birmingham Perry Barr,E14000566,35.94,51.22,conservative,conservative
Birmingham Northfield,E14000565,5.91,61.79,conservative,conservative
Birmingham Ladywood,E14000564,60.89,35.62,conservative,conservative
Birmingham Hodge Hill,E14000563,56.93,51.48,conservative,conservative
Birmingham Hall Green,E14000562,42.12,33.57,conservative,conservative
Birmingham Erdington,E14000561,14.79,62.97,conservative,conservative
Birmingham Edgbaston,E14000560,6.55,47.35,conservative,conservative
Birkenhead,E14000559,52.76,51.71,conservative,conservative
Bexleyheath & Crayford,E14000558,21.04,65.05,conservative,conservative
Bexhill & Battle,E14000557,36.36,57.68,conservative,ukip
Beverley & Holderness,E14000556,23.17,58.79,conservative,conservative
Bethnal Green & Bow,E14000555,45.95,30.93,conservative,conservative
"Berwickshire, Roxburgh & Selkirk",S14000008,0.60,43.20,snp,conservative
Berwick-Upon-Tweed,E14000554,12.16,55.55,conservative,liberal democrats
Bermondsey & Old Southwark,E14000553,8.73,27.00,conservative,liberal democrats
Belfast West,N06000004,,,,
Belfast South,N06000003,,,,
Belfast North,N06000002,,,,
Belfast East,N06000001,,,,
Bedfordshire South West,E14000949,34.72,58.61,conservative,conservative
Bedfordshire North East,E14000841,43.71,53.29,conservative,conservative
Bedfordshire Mid,E14000813,40.18,52.26,conservative,conservative
Bedford,E14000552,2.38,51.95,conservative,conservative
Beckenham,E14000551,37.85,48.38,conservative,conservative
Beaconsfield,E14000550,49.49,49.30,conservative,ukip
Battersea,E14000549,15.56,23.04,conservative,conservative
Batley & Spen,E14000548,,60.35,conservative ,other
Bath,E14000547,8.13,31.69,conservative,liberal democrats
Bassetlaw,E14000546,17.94,68.32,conservative,conservative
Basingstoke,E14000545,20.84,53.64,conservative,conservative
Basildon South & Thurrock East,E14000933,16.87,73.08,conservative,ukip
Basildon & Billericay,E14000544,29.01,66.92,conservative,conservative
Barrow & Furness,E14000543,1.84,56.79,conservative,conservative
Barnsley East,E14000542,31.24,70.78,conservative,ukip
Barnsley Central,E14000541,34.01,68.38,conservative,ukip
Barking,E14000540,35.48,60.33,conservative,ukip
Banff & Buchan,S14000007,31.43,54.02,snp,conservative
Banbury,E14000539,31.71,50.54,conservative,conservative
Ayrshire North & Arran,S14000048,25.20,42.29,snp,conservative
Ayrshire Central,S14000010,26.76,42.72,snp,conservative
"Ayr, Carrick & Cumnock",S14000006,21.58,42.99,snp,conservative
Aylesbury,E14000538,30.96,52.10,conservative,ukip
Ashton Under Lyne,E14000537,27.64,61.81,conservative,conservative
Ashford,E14000536,33.63,59.68,conservative,ukip
Ashfield,E14000535,18.60,70.58,conservative,conservative
Arundel & South Downs,E14000534,46.35,50.69,conservative,ukip
Argyll & Bute,S14000005,16.33,39.43,snp,liberal democrats
Arfon,W07000057,17.14,34.91,conservative,conservative
Antrim South,N06000014,,,,
Antrim North,N06000012,,,,
Antrim East,N06000005,,,,
Angus,S14000004,25.24,48.13,snp,conservative
Amber Valley,E14000533,9.20,65.34,conservative,conservative
Alyn & Deeside,W07000043,8.09,57.75,conservative,conservative
Altrincham & Sale West,E14000532,26.31,38.47,conservative,conservative
Aldridge-Brownhills,E14000531,29.68,67.80,conservative,conservative
Aldershot,E14000530,32.26,57.90,conservative,conservative
Airdrie & Shotts,S14000003,19.82,40.05,snp,conservative
Aberdeenshire West & Kincardine,S14000058,12.74,38.61,snp,conservative
Aberdeen South,S14000002,14.89,32.33,snp,conservative
Aberdeen North,S14000001,30.49,43.10,snp,conservative
Aberconwy,W07000058,13.26,53.38,conservative,conservative
Aberavon,W07000049,33.13,59.97,conservative,ukip